Datetime,Water Level (m)
2025-05-12 12:00:00,-0.6918821
2025-05-12 13:00:00,-0.3855251
2025-05-12 14:00:00,0.13158521
2025-05-12 15:00:00,0.63022447
2025-05-12 16:00:00,0.9337846
2025-05-12 17:00:00,1.0109868
2025-05-12 18:00:00,0.7964403
2025-05-12 19:00:00,0.363026
2025-05-12 20:00:00,-0.046581745
2025-05-12 21:00:00,-0.34782723
2025-05-12 22:00:00,-0.6120167
2025-05-12 23:00:00,-0.81124777
2025-05-13 00:00:00,-0.8845413
2025-05-13 01:00:00,-0.53941166
2025-05-13 02:00:00,0.03033306
2025-05-13 03:00:00,0.5918253
2025-05-13 04:00:00,0.98144764
2025-05-13 05:00:00,1.1920074
2025-05-13 06:00:00,1.1554817
2025-05-13 07:00:00,0.84446484
2025-05-13 08:00:00,0.39092395
2025-05-13 09:00:00,0.021629676
2025-05-13 10:00:00,-0.2549125
2025-05-13 11:00:00,-0.5029225
2025-05-13 12:00:00,-0.66322637
2025-05-13 13:00:00,-0.62753344
2025-05-13 14:00:00,-0.13828672
2025-05-13 15:00:00,0.4126686
2025-05-13 16:00:00,0.77623445
2025-05-13 17:00:00,0.9349168
2025-05-13 18:00:00,0.8522785
2025-05-13 19:00:00,0.5241679
2025-05-13 20:00:00,0.11959252
2025-05-13 21:00:00,-0.20057742
2025-05-13 22:00:00,-0.47247186
2025-05-13 23:00:00,-0.69703656
2025-05-14 00:00:00,-0.84095204
2025-05-14 01:00:00,-0.79038864
2025-05-14 02:00:00,-0.3013048
2025-05-14 03:00:00,0.29865155
2025-05-14 04:00:00,0.7931863
2025-05-14 05:00:00,1.1315227
2025-05-14 06:00:00,1.2441808
2025-05-14 07:00:00,1.0669842
2025-05-14 08:00:00,0.63455266
2025-05-14 09:00:00,0.18361583
2025-05-14 10:00:00,-0.13284805
2025-05-14 11:00:00,-0.38405666
2025-05-14 12:00:00,-0.58796805
2025-05-14 13:00:00,-0.6698587
2025-05-14 14:00:00,-0.41797534
2025-05-14 15:00:00,0.110481426
2025-05-14 16:00:00,0.6088157
2025-05-14 17:00:00,0.88047254
2025-05-14 18:00:00,0.97022116
2025-05-14 19:00:00,0.8116762
2025-05-14 20:00:00,0.43420234
2025-05-14 21:00:00,0.022522766
2025-05-14 22:00:00,-0.28792801
2025-05-14 23:00:00,-0.55439067
2025-05-15 00:00:00,-0.7631244
2025-05-15 01:00:00,-0.85431516
2025-05-15 02:00:00,-0.5669381
2025-05-15 03:00:00,0.009050504
2025-05-15 04:00:00,0.5904096
2025-05-15 05:00:00,0.9806914
2025-05-15 06:00:00,1.1961557
2025-05-15 07:00:00,1.1698495
2025-05-15 08:00:00,0.85780376
2025-05-15 09:00:00,0.40790537
2025-05-15 10:00:00,0.04455088
2025-05-15 11:00:00,-0.22219649
2025-05-15 12:00:00,-0.4511388
2025-05-15 13:00:00,-0.5964697
2025-05-15 14:00:00,-0.5786747
2025-05-15 15:00:00,-0.1662009
2025-05-15 16:00:00,0.34853867
2025-05-15 17:00:00,0.7057735
2025-05-15 18:00:00,0.8558657
2025-05-15 19:00:00,0.7950604
2025-05-15 20:00:00,0.49191403
2025-05-15 21:00:00,0.104996294
2025-05-15 22:00:00,-0.2021802
2025-05-15 23:00:00,-0.45188674
2025-05-16 00:00:00,-0.6539774
2025-05-16 01:00:00,-0.77528626
2025-05-16 02:00:00,-0.697594
2025-05-16 03:00:00,-0.24835151
2025-05-16 04:00:00,0.2980845
2025-05-16 05:00:00,0.747579
2025-05-16 06:00:00,1.0749557
2025-05-16 07:00:00,1.2177403
2025-05-16 08:00:00,1.0920967
2025-05-16 09:00:00,0.7096145
2025-05-16 10:00:00,0.27869508
2025-05-16 11:00:00,-0.032663118
2025-05-16 12:00:00,-0.27433965
2025-05-16 13:00:00,-0.46745
2025-05-16 14:00:00,-0.5482703
2025-05-16 15:00:00,-0.37749565
2025-05-16 16:00:00,0.08795501
2025-05-16 17:00:00,0.5196581
2025-05-16 18:00:00,0.7539428
2025-05-16 19:00:00,0.8381346
2025-05-16 20:00:00,0.7154907
2025-05-16 21:00:00,0.3807365
2025-05-16 22:00:00,0.023027008
2025-05-16 23:00:00,-0.241867
2025-05-17 00:00:00,-0.46875548
2025-05-17 01:00:00,-0.6333825
2025-05-17 02:00:00,-0.6938766
2025-05-17 03:00:00,-0.46775866
2025-05-17 04:00:00,0.025831154
2025-05-17 05:00:00,0.5328835
2025-05-17 06:00:00,0.90770036
2025-05-17 07:00:00,1.1433635
2025-05-17 08:00:00,1.1676384
2025-05-17 09:00:00,0.9315236
2025-05-17 10:00:00,0.5250042
2025-05-17 11:00:00,0.16690634
2025-05-17 12:00:00,-0.07849095
2025-05-17 13:00:00,-0.27700076
2025-05-17 14:00:00,-0.42043954
2025-05-17 15:00:00,-0.45159993
2025-05-17 16:00:00,-0.24950047
2025-05-17 17:00:00,0.16745348
2025-05-17 18:00:00,0.5391342
2025-05-17 19:00:00,0.7345212
2025-05-17 20:00:00,0.7758819
2025-05-17 21:00:00,0.6148245
2025-05-17 22:00:00,0.2899833
2025-05-17 23:00:00,-0.013042181
2025-05-18 00:00:00,-0.23740411
2025-05-18 01:00:00,-0.4368092
2025-05-18 02:00:00,-0.553052
2025-05-18 03:00:00,-0.5341609
2025-05-18 04:00:00,-0.24880761
2025-05-18 05:00:00,0.18743326
2025-05-18 06:00:00,0.60176134
2025-05-18 07:00:00,0.9085313
2025-05-18 08:00:00,1.0889853
2025-05-18 09:00:00,1.0637105
2025-05-18 10:00:00,0.80631495
2025-05-18 11:00:00,0.4223328
2025-05-18 12:00:00,0.106180936
